timestamp	hypothesis	accuracy	stability	best
2026-03-21T00:27:27.730008	Adaptive Baseline	0.0	0.0	True
2026-03-21T00:51:44.348418	Mutation v1: Focus on Standard Logic	0.0	0.0	False
2026-03-21T01:37:28.596910	Adaptive Baseline	0.0	0.0	True
2026-03-21T13:58:14.286014	Adaptive Baseline	0.0	0.0	True
2026-03-21T19:01:25.933653	Adaptive Baseline	0.0	0.0	True
2026-03-21T19:27:34.458620	Fallback: Basic refinement.	0.0	0.0	False
2026-03-21T19:53:53.126527	Fallback: Basic refinement.	0.0	0.0	False
2026-03-21T20:20:11.830460	Fallback: Basic refinement.	0.0	0.0	False
2026-03-21T20:46:30.576233	Fallback: Basic refinement.	0.0	0.0	False
2026-03-21T21:12:49.330090	Fallback: Basic refinement.	0.0	0.0	False
2026-03-21T21:39:08.043228	Fallback: Basic refinement.	0.0	0.0	False
2026-03-21T22:05:26.963984	Fallback: Basic refinement.	0.0	0.0	False
2026-03-21T22:31:45.719499	Fallback: Basic refinement.	0.0	0.0	False
2026-03-21T22:58:04.562431	Fallback: Basic refinement.	0.0	0.0	False
