"id","problem","answer"
"0e644e","Let $ABC$ be an acute-angled triangle with integer side lengths and $AB<AC$. Points $D$ and $E$ lie on segments $BC$ and $AC$, respectively, such that $AD=AE=AB$. Line $DE$ intersects $AB$ at $X$. Circles $BXD$ and $CED$ intersect for the second time at $Y \neq D$. Suppose that $Y$ lies on line $AD$. There is a unique such triangle with minimal perimeter. This triangle has side lengths $a=BC$, $b=CA$, and $c=AB$. Find the remainder when $abc$ is divided by $10^{5}$.",336
"26de63","Define a function $f \colon \mathbb{Z}_{\geq 1} \to \mathbb{Z}_{\geq 1}$ by
\begin{equation*}
    f(n) = \sum_{i = 1}^n \sum_{j = 1}^n j^{1024} \left\lfloor\frac1j + \frac{n-i}{n}\right\rfloor.
\end{equation*}
Let $M=2 \cdot 3 \cdot 5 \cdot 7 \cdot 11 \cdot 13$ and let $N = f{\left(M^{15}\right)} - f{\left(M^{15}-1\right)}$. Let $k$ be the largest non-negative integer such that $2^k$ divides $N$. What is the remainder when $2^k$ is divided by $5^7$?",32951
"424e18","A tournament is held with $2^{20}$ runners each of which has a different running speed. In each race, two runners compete against each other with the faster runner always winning the race. The competition consists of $20$ rounds with each runner starting with a score of $0$. In each round, the runners are paired in such a way that in each pair, both runners have the same score at the beginning of the round. The winner of each race in the $i^{\text{th}}$ round receives $2^{20-i}$ points and the loser gets no points.

At the end of the tournament, we rank the competitors according to their scores. Let $N$ denote the number of possible orderings of the competitors at the end of the tournament. Let $k$ be the largest positive integer such that $10^k$ divides $N$. What is the remainder when $k$ is divided by $10^{5}$?",21818
"42d360","On a blackboard, Ken starts off by writing a positive integer $n$ and then applies the following move until he first reaches $1$. Given that the number on the board is $m$, he chooses a base $b$, where $2 \leq b \leq m$, and considers the unique base-$b$ representation of $m$,
\begin{equation*}
